{
	"format_version": "1.8.0",
	"animations": {
		"idle": {
			"loop": true,
			"animation_length": 1.9583
		},
		"sample": {
			"animation_length": 4.25,
			"bones": {
				"Q1": {
					"position": {
						"0.0": {
							"vector": [0, 0, 0]
						},
						"0.5": {
							"vector": [-6, 0, 0]
						},
						"1.0": {
							"vector": [0, 0, 0]
						},
						"3.0": {
							"vector": [-0.36, 0, 0]
						},
						"3.75": {
							"vector": [-6, 0, 0]
						},
						"4.25": {
							"vector": [0, 0, 0]
						}
					}
				},
				"Q2": {
					"position": {
						"0.0": {
							"vector": [0, 0, 0]
						},
						"0.5": {
							"vector": [-6, 0, 0]
						},
						"1.0": {
							"vector": [0, 0, 0]
						},
						"3.0": {
							"vector": [-0.36, 0, 0]
						},
						"3.75": {
							"vector": [-6, 0, 0]
						},
						"4.25": {
							"vector": [0, 0, 0]
						}
					}
				},
				"Q3": {
					"position": {
						"0.0": {
							"vector": [0, 0, 0]
						},
						"0.5": {
							"vector": [6, 0, 0]
						},
						"1.0": {
							"vector": [0, 0, 0]
						},
						"3.0": {
							"vector": [-0.64, 0, 0]
						},
						"3.75": {
							"vector": [6, 0, 0]
						},
						"4.25": {
							"vector": [0, 0, 0]
						}
					}
				},
				"Q4": {
					"position": {
						"0.0": {
							"vector": [0, 0, 0]
						},
						"0.5": {
							"vector": [6, 0, 0]
						},
						"1.0": {
							"vector": [0, 0, 0]
						},
						"3.0": {
							"vector": [-0.64, 0, 0]
						},
						"3.75": {
							"vector": [6, 0, 0]
						},
						"4.25": {
							"vector": [0, 0, 0]
						}
					}
				},
				"Tool1": {
					"rotation": {
						"0.0": {
							"vector": [0, 0, 0]
						},
						"0.75": {
							"vector": [-90, 0, 0]
						},
						"1.0": {
							"vector": [-90.05344, 0.34723, 90.0244]
						},
						"1.5": {
							"vector": [-180.05344, 0.34723, 90.0244]
						},
						"2.0": {
							"vector": [-270.05344, 0.34723, 90.0244]
						},
						"2.5": {
							"vector": [-360.05344, 0.34723, 90.0244]
						},
						"3.0": {
							"vector": [-450.05344, 0.34723, 90.0244]
						},
						"3.5": {
							"vector": [-450.34723, -0.05344, 0.02472]
						},
						"3.75": {
							"vector": [-360.34723, -0.05344, 0.02472]
						}
					},
					"position": {
						"0.0": {
							"vector": [0, 0, 0]
						},
						"0.5": {
							"vector": [0, 6, 15]
						},
						"0.75": {
							"vector": [0, 9, 24]
						},
						"1.0": {
							"vector": [-0.5, 9, 24]
						},
						"1.25": {
							"vector": [-23, 9, 24]
						},
						"1.75": {
							"vector": [-23, 9, -24]
						},
						"2.25": {
							"vector": [24, 9, -24]
						},
						"2.75": {
							"vector": [24, 9, 24]
						},
						"3.25": {
							"vector": [0, 9, 24]
						},
						"3.75": {
							"vector": [0, 5, 15]
						},
						"4.0": {
							"vector": [0, -1, 0]
						}
					}
				}
			}
		}
	},
	"geckolib_format_version": 2
}